"","cell_type","proportion"
"1","type2",0.927478539058939
"2","type3",0.476337315747514
"3","type5",0.963658138876781
"4","type1",0.572514961240813
"5","type4",0.460910939378664
