"","gene","cell_type","expression_level"
"1","gene657","type2",135.75
"2","gene844","type5",136.416666666667
"3","gene891","type2",122.291666666667
"4","gene377","type5",124.416666666667
"5","gene310","type2",104.666666666667
"6","gene399","type2",181.333333333333
"7","gene478","type2",114.916666666667
"8","gene842","type1",158.565217391304
